target_id,target_year,salesrep_id,region,sales_target,currency
TGT-2023-SR001,2023,SR001,Nord,1754214.62,EUR
TGT-2023-SR002,2023,SR002,Sud,1605980.29,EUR
TGT-2023-SR003,2023,SR003,Est,1431716.75,EUR
TGT-2023-SR004,2023,SR004,Ouest,1495867.76,EUR
TGT-2023-SR005,2023,SR005,Ile-de-France,2214598.16,EUR
TGT-2023-SR006,2023,SR006,Nord,1559759.99,EUR
TGT-2023-SR007,2023,SR007,Sud,1527934.77,EUR
TGT-2023-SR008,2023,SR008,Est,1393695.23,EUR
TGT-2023-SR009,2023,SR009,Ouest,1384706.59,EUR
TGT-2023-SR010,2023,SR010,Ile-de-France,2353843.65,EUR
TGT-2023-SR011,2023,SR011,Nord,1876702.79,EUR
TGT-2023-SR012,2023,SR012,Sud,1400979.40,EUR
TGT-2024-SR001,2024,SR001,Nord,1728846.15,EUR
TGT-2024-SR002,2024,SR002,Sud,1738358.37,EUR
TGT-2024-SR003,2024,SR003,Est,1458984.31,EUR
TGT-2024-SR004,2024,SR004,Ouest,1409449.56,EUR
TGT-2024-SR005,2024,SR005,Ile-de-France,2233955.35,EUR
TGT-2024-SR006,2024,SR006,Nord,1497889.88,EUR
TGT-2024-SR007,2024,SR007,Sud,1647434.60,EUR
TGT-2024-SR008,2024,SR008,Est,1380114.88,EUR
TGT-2024-SR009,2024,SR009,Ouest,1529925.92,EUR
TGT-2024-SR010,2024,SR010,Ile-de-France,1952477.02,EUR
TGT-2024-SR011,2024,SR011,Nord,1693887.80,EUR
TGT-2024-SR012,2024,SR012,Sud,1728676.16,EUR
TGT-2025-SR001,2025,SR001,Nord,1590655.80,EUR
TGT-2025-SR002,2025,SR002,Sud,1668851.49,EUR
TGT-2025-SR003,2025,SR003,Est,1726887.05,EUR
TGT-2025-SR004,2025,SR004,Ouest,1445031.69,EUR
TGT-2025-SR005,2025,SR005,Ile-de-France,2359553.28,EUR
TGT-2025-SR006,2025,SR006,Nord,1719875.67,EUR
TGT-2025-SR007,2025,SR007,Sud,1518022.47,EUR
TGT-2025-SR008,2025,SR008,Est,1416750.19,EUR
TGT-2025-SR009,2025,SR009,Ouest,1600400.27,EUR
TGT-2025-SR010,2025,SR010,Ile-de-France,2141237.18,EUR
TGT-2025-SR011,2025,SR011,Nord,1547515.11,EUR
TGT-2025-SR012,2025,SR012,Sud,1765219.80,EUR
TGT-2026-SR001,2026,SR001,Nord,1546667.14,EUR
TGT-2026-SR002,2026,SR002,Sud,1733496.65,EUR
TGT-2026-SR003,2026,SR003,Est,1691113.48,EUR
TGT-2026-SR004,2026,SR004,Ouest,1456268.07,EUR
TGT-2026-SR005,2026,SR005,Ile-de-France,2222616.79,EUR
TGT-2026-SR006,2026,SR006,Nord,1704489.53,EUR
TGT-2026-SR007,2026,SR007,Sud,1796582.59,EUR
TGT-2026-SR008,2026,SR008,Est,1571649.84,EUR
TGT-2026-SR009,2026,SR009,Ouest,1603358.54,EUR
TGT-2026-SR010,2026,SR010,Ile-de-France,2433410.04,EUR
TGT-2026-SR011,2026,SR011,Nord,1648384.50,EUR
TGT-2026-SR012,2026,SR012,Sud,1591962.83,EUR
