target_id,target_year,salesrep_id,region,sales_target,currency
TGT-2023-SR001,2023,SR001,Nord,1315660.97,EUR
TGT-2023-SR002,2023,SR002,Sud,1204485.22,EUR
TGT-2023-SR003,2023,SR003,Est,1073787.56,EUR
TGT-2023-SR004,2023,SR004,Ouest,1121900.82,EUR
TGT-2023-SR005,2023,SR005,Ile-de-France,1660948.62,EUR
TGT-2023-SR006,2023,SR006,Nord,1169819.99,EUR
TGT-2023-SR007,2023,SR007,Sud,1145951.08,EUR
TGT-2023-SR008,2023,SR008,Est,1045271.42,EUR
TGT-2023-SR009,2023,SR009,Ouest,1038529.94,EUR
TGT-2023-SR010,2023,SR010,Ile-de-France,1765382.74,EUR
TGT-2023-SR011,2023,SR011,Nord,1407527.09,EUR
TGT-2023-SR012,2023,SR012,Sud,1050734.55,EUR
TGT-2024-SR001,2024,SR001,Nord,1555961.54,EUR
TGT-2024-SR002,2024,SR002,Sud,1564522.53,EUR
TGT-2024-SR003,2024,SR003,Est,1313085.88,EUR
TGT-2024-SR004,2024,SR004,Ouest,1268504.6,EUR
TGT-2024-SR005,2024,SR005,Ile-de-France,2010559.82,EUR
TGT-2024-SR006,2024,SR006,Nord,1348100.89,EUR
TGT-2024-SR007,2024,SR007,Sud,1482691.14,EUR
TGT-2024-SR008,2024,SR008,Est,1242103.39,EUR
TGT-2024-SR009,2024,SR009,Ouest,1376933.33,EUR
TGT-2024-SR010,2024,SR010,Ile-de-France,1757229.32,EUR
TGT-2024-SR011,2024,SR011,Nord,1524499.02,EUR
TGT-2024-SR012,2024,SR012,Sud,1555808.54,EUR
TGT-2025-SR001,2025,SR001,Nord,1551859.32,EUR
TGT-2025-SR002,2025,SR002,Sud,1628147.8,EUR
TGT-2025-SR003,2025,SR003,Est,1684767.85,EUR
TGT-2025-SR004,2025,SR004,Ouest,1409787.01,EUR
TGT-2025-SR005,2025,SR005,Ile-de-France,2302003.2,EUR
TGT-2025-SR006,2025,SR006,Nord,1677927.48,EUR
TGT-2025-SR007,2025,SR007,Sud,1480997.53,EUR
TGT-2025-SR008,2025,SR008,Est,1382195.31,EUR
TGT-2025-SR009,2025,SR009,Ouest,1561366.12,EUR
TGT-2025-SR010,2025,SR010,Ile-de-France,2089011.88,EUR
TGT-2025-SR011,2025,SR011,Nord,1509770.84,EUR
TGT-2025-SR012,2025,SR012,Sud,1722165.66,EUR
TGT-2026-SR001,2026,SR001,Nord,1473016.32,EUR
TGT-2026-SR002,2026,SR002,Sud,1650949.19,EUR
TGT-2026-SR003,2026,SR003,Est,1610584.27,EUR
TGT-2026-SR004,2026,SR004,Ouest,1386921.97,EUR
TGT-2026-SR005,2026,SR005,Ile-de-France,2116777.9,EUR
TGT-2026-SR006,2026,SR006,Nord,1623323.36,EUR
TGT-2026-SR007,2026,SR007,Sud,1711031.04,EUR
TGT-2026-SR008,2026,SR008,Est,1496809.37,EUR
TGT-2026-SR009,2026,SR009,Ouest,1527008.13,EUR
TGT-2026-SR010,2026,SR010,Ile-de-France,2317533.37,EUR
TGT-2026-SR011,2026,SR011,Nord,1569890.0,EUR
TGT-2026-SR012,2026,SR012,Sud,1516155.08,EUR
